,total_return,sharpe_ratio,nBuys
Portfolio,0.16667497383242869,2.566865346634186,1.0
Benchmark,0.2346355868638208,4.308204893794996,
Active,-0.06796061303139211,-0.3395135426791322,
